<?xml version="1.0" encoding="utf-8"?>
<!--
  ~ Copyright (C) 2018 The Android Open Source Project
  ~
  ~ Licensed under the Apache License, Version 2.0 (the "License");
  ~ you may not use this file except in compliance with the License.
  ~ You may obtain a copy of the License at
  ~
  ~      http://www.apache.org/licenses/LICENSE-2.0
  ~
  ~ Unless required by applicable law or agreed to in writing, software
  ~ distributed under the License is distributed on an "AS IS" BASIS,
  ~ WITHOUT WARRANTIES OR CONDITIONS OF ANY KIND, either express or implied.
  ~ See the License for the specific language governing permissions and
  ~ limitations under the License.
-->
<resources>
  <public name="Theme.MaterialComponents.Dialog" type="style"/>
  <public name="Theme.MaterialComponents.Light.Dialog" type="style"/>
  <public name="Theme.MaterialComponents.Dialog.Alert" type="style"/>
  <public name="Theme.MaterialComponents.Light.Dialog.Alert" type="style"/>
  <public name="Theme.MaterialComponents.Dialog.MinWidth" type="style"/>
  <public name="Theme.MaterialComponents.Light.Dialog.MinWidth" type="style"/>
  <public name="ThemeOverlay.MaterialComponents.Dialog" type="style"/>
  <public name="ThemeOverlay.MaterialComponents.Dialog.Alert" type="style"/>
</resources>

