<layer-list xmlns:android="http://schemas.android.com/apk/res/android" >

    <item android:id="@android:id/background">
        <shape>
            <corners android:radius="8dp" />

            <gradient
                android:endColor="#fff"
                android:startColor="#fff" />

            <stroke
                android:width="1dp"
                android:color="#FFFFFF" />
        </shape>
    </item>
    <item android:id="@android:id/progress">
        <clip>
            <shape>
                <corners android:radius="8dp" />

                <gradient
                    android:endColor="#991414"
                    android:startColor="#A0A015" />
            </shape>
        </clip>
    </item>

</layer-list>