{
  "formatVersion": 1,
  "database": {
    "version": 1,
    "identityHash": "57de5956bd9992524a9ef1cf78b7e33b",
    "entities": [
      {
        "tableName": "list_categories",
        "createSql": "CREATE TABLE IF NOT EXISTS `${TABLE_NAME}` (`category_name` TEXT NOT NULL, `id` INTEGER PRIMARY KEY AUTOINCREMENT NOT NULL)",
        "fields": [
          {
            "fieldPath": "categoryName",
            "columnName": "category_name",
            "affinity": "TEXT",
            "notNull": true
          },
          {
            "fieldPath": "id",
            "columnName": "id",
            "affinity": "INTEGER",
            "notNull": true
          }
        ],
        "primaryKey": {
          "columnNames": [
            "id"
          ],
          "autoGenerate": true
        },
        "indices": [],
        "foreignKeys": []
      }
    ],
    "setupQueries": [
      "CREATE TABLE IF NOT EXISTS room_master_table (id INTEGER PRIMARY KEY,identity_hash TEXT)",
      "INSERT OR REPLACE INTO room_master_table (id,identity_hash) VALUES(42, \"57de5956bd9992524a9ef1cf78b7e33b\")"
    ]
  }
}