{
  "formatVersion": 1,
  "database": {
    "version": 1,
    "identityHash": "9dfe27f0ad6ceb0e02a5481dd77b2e58",
    "entities": [
      {
        "tableName": "Restaurant",
        "createSql": "CREATE TABLE IF NOT EXISTS `${TABLE_NAME}` (`id` INTEGER NOT NULL, `cuisine` INTEGER, `name` TEXT, `lat` REAL NOT NULL, `lng` REAL NOT NULL, `price` INTEGER NOT NULL, `image` TEXT NOT NULL, `description` TEXT NOT NULL, PRIMARY KEY(`id`))",
        "fields": [
          {
            "fieldPath": "id",
            "columnName": "id",
            "affinity": "INTEGER",
            "notNull": true
          },
          {
            "fieldPath": "cuisine",
            "columnName": "cuisine",
            "affinity": "INTEGER",
            "notNull": false
          },
          {
            "fieldPath": "name",
            "columnName": "name",
            "affinity": "TEXT",
            "notNull": false
          },
          {
            "fieldPath": "lat",
            "columnName": "lat",
            "affinity": "REAL",
            "notNull": true
          },
          {
            "fieldPath": "lng",
            "columnName": "lng",
            "affinity": "REAL",
            "notNull": true
          },
          {
            "fieldPath": "price",
            "columnName": "price",
            "affinity": "INTEGER",
            "notNull": true
          },
          {
            "fieldPath": "image",
            "columnName": "image",
            "affinity": "TEXT",
            "notNull": true
          },
          {
            "fieldPath": "description",
            "columnName": "description",
            "affinity": "TEXT",
            "notNull": true
          }
        ],
        "primaryKey": {
          "columnNames": [
            "id"
          ],
          "autoGenerate": false
        },
        "indices": [],
        "foreignKeys": []
      }
    ],
    "setupQueries": [
      "CREATE TABLE IF NOT EXISTS room_master_table (id INTEGER PRIMARY KEY,identity_hash TEXT)",
      "INSERT OR REPLACE INTO room_master_table (id,identity_hash) VALUES(42, \"9dfe27f0ad6ceb0e02a5481dd77b2e58\")"
    ]
  }
}