[
  {
    "title": "Red Popsicle",
    "url": "https://lh3.googleusercontent.com/3w0neXbSlI4p6mtkRdwL7SwRH4NKHmmdBm1n58tNvUnV0DwnxZ6MfIwzSz0c7MlE3NZku1TmQAQm-4Tly6geteQpONOniM_m",
    "price": "$5",
    "description": "Looks can be deceiving. This Red Popsicle comes in a wide variety of flavors, including strawberry, that burst as soon as it hits the mouth. Red Popsicles melt slow, so savor the flavor."
  },
  {
    "title": "Green Slip-ons",
    "url": "https://lh3.googleusercontent.com/7O1nZyD9xwP0nel27kC49ZVfuUlMJrGdcI1j8PHBZxD2J8Gd-q1wQ5Rrn9sDQ_Q7Zi1-SNHDrBRaB5FD5zbtoEto1RpjBkXo",
    "price": "$75",
    "description": "Feetsy has been making extraordinary slip-ons for decades. With each pair of shoes purchased Feetsy donates a pair to those in need. Buy yourself a pair, buy someone else a pair. Very Comfortable."
  },
  {
    "title": "Teapot",
    "url": "https://lh3.googleusercontent.com/2L6RmCDcdBT_5160bg-rZaybSCGze6TCpEyTYko0Y6GWVp432qttKvXB19w4TgSnTz-Pxes12TPSzdRWT8Gq9dCJm2aF1zPj8g",
    "price": "$210",
    "description": "Impress your guests with Teapot by Kitchen Stuff. Teapot holds extremely hot liquids and pours them from the spout. Use the handle, shown on the left, so your fingers don’t get burnt while pouring."
  },
  {
    "title": "Beachball",
    "url": "https://lh3.googleusercontent.com/FDlLqxdGjraCR8J0QzcuCh7eRHvnXNyWwP9mOTMviY2IX4WglCbAobxBD8tfYvUk-gZeOwvv02IC5vhbgEAk7F7gV2XwLJpAaw",
    "price": "$25",
    "description": "Are you at a baseball game and feeling bored? At a pool party and looking for a laugh? Do you need something to take your anger out on? Beachball, by inflatable fun, is the perfect outlet."
  },
  {
    "title": "Clock",
    "url": "https://lh3.googleusercontent.com/RJIsp5e-fQ_oQBWR-OJfJgcvCmfFJ8ZCL5D5_4-P3U4h7Im-WDvVJYqTl_YsCWcKFn5xbLI_9flEzUr0CA1PwCYGqDQDLvKxDA",
    "price": "$120",
    "description": "Timekeeper Co makes clocks that tell time precisely. Clock is very simple to use, set the time using your phone, hang it, and viola! You’ll never be late again."
  },
  {
    "title": "Lime Flippers",
    "url": "https://lh3.googleusercontent.com/74P9JRtvjF4IIUYLxTZEFp9ffjNrcTFE1pCPduyTLPNjTAldtsRKn0iDx1CmOclJIsYJUWpyCKqXFrJzv3-ebEDe62wLci0R",
    "price": "$25",
    "description": "Flippers are a nice tool to have when you’re being chased by an oversized sea turtle. Never get caught again with these fast water shoes. You’re like a fish, but more graceful."
  },
  {
    "title": "Perfect Goldfish \nBowl",
    "url": "https://lh3.googleusercontent.com/pfgpUuVo_9zWqn2lI6gAlDK2ceLe_MEzgNtj-RaClJb0w41NvSrOg-xgwMcr5FrYTdC6wJHKDSdP7GiuSbNAdjTSHlOdfXR1",
    "price": "$25",
    "description": "The Perfect Bowl Co makes the best bowls for just about anything you can think of. This Perfect Goldfish Bowl holds water and fish perfectly. Looks great in living rooms. Keep out of reach from cats."
  },
  {
    "title": "Surfboard",
    "url": "https://lh3.googleusercontent.com/585zsoqfGl58nbCDgM3MXLcVcZCfriN1k4N7KTnHDBULhSmeF9D80HhLAuDixrk0gLp9YdArxCQfZ7Yg-3zlEgkvQBaXzBwYSg",
    "price": "$300",
    "description": "Who says you can’t walk on water? With Surfboard, by Surfboard Supply, you can fly on water. This beast is fast and handles like a porsche. Hang Ten Bro!"
  },
  {
    "title": "Backpack",
    "url": "https://lh3.googleusercontent.com/KE89imsb_0hMmO2YMxnZ6cQYelrmI3jdpDo06svFeNj_OjHUw9dfHoBj4pN7qqm1khs9-_japkG5As6TWgOmJzTa8Cv_9GcGfg",
    "price": "$150",
    "description": "This backpack by Bags ‘n’ stuff can hold just about anything: a laptop, a pen, a protractor, notebooks, small animals, plugs for your devices, sunglasses, gym clothes, shoes, gloves, two kittens, and even lunch!"
  },
  {
    "title": "Sunglasses",
    "url": "https://lh3.googleusercontent.com/-0TR98kQUVgeSGyK24T0181IwtNgCWhxfMejw-fEXQF005lfuDERc-B6hxtSPBsPyFEJBxPv8H9FSNb7k3AgjRO2wm8YXeMa",
    "price": "$100",
    "description": "Be an optimist. Carry Sunglasses with you at all times. All Tints and Shades products come with polarized lenses and super duper UV protection so you can look at the sun for however long you want. Sunglasses make you look cool, wear them."
  },
  {
    "title": "Red Lipstick Set",
    "url": "https://lh3.googleusercontent.com/w7BggGOgZEVuI4_wsSO96PDi-y4kqtHVHqQknCMN7eyraQLIlh58QK5Y1Wc-eTAYDcmn7KmiJNvKsoFLAZBClSAYpI9vyuDRIw",
    "price": "$25",
    "description": "Trying to find the perfect shade to match your mood? Try no longer. Red Lipstick Set by StickLips has you covered for those nights when you need to get out, or even if you’re just headed to work."
  },
  {
    "title": "Dipped Brush",
    "url": "https://lh3.googleusercontent.com/8dsHE4FwZ5VJOFj_EmhGt48r19ILh7rloMCBC5QPyP2Jrm7-Jz4wVZa1Q3cGFBBbi8OKJzb7nwUnBOqaPVwafMKOthbRtv6Z",
    "price": "$15",
    "description": "WeDipIt does it again. This handle dipped 4 inch brush is a perfect for painting 4 inch lines, or coloring in big areas with paint. Just be sure you don’t drop it in a bucket of red paint, then it won’t look dipped anymore."
  }
]
