<?xml version="1.0" encoding="utf-8"?>
<!--
  ~ Copyright (C) 2018 The Android Open Source Project
  ~
  ~ Licensed under the Apache License, Version 2.0 (the "License");
  ~ you may not use this file except in compliance with the License.
  ~ You may obtain a copy of the License at
  ~
  ~      http://www.apache.org/licenses/LICENSE-2.0
  ~
  ~ Unless required by applicable law or agreed to in writing, software
  ~ distributed under the License is distributed on an "AS IS" BASIS,
  ~ WITHOUT WARRANTIES OR CONDITIONS OF ANY KIND, either express or implied.
  ~ See the License for the specific language governing permissions and
  ~ limitations under the License.
-->
<resources>
  <public name="bottomAppBarStyle" type="attr"/>
  <public name="fabAlignmentMode" type="attr"/>
  <public name="fabCradleMargin" type="attr"/>
  <public name="fabCradleRoundedCornerRadius" type="attr"/>
  <public name="fabCradleVerticalOffset" type="attr"/>
  <public name="hideOnScroll" type="attr"/>
  <public name="Widget.MaterialComponents.BottomAppBar" type="style"/>
  <public name="Widget.MaterialComponents.BottomAppBar.Colored" type="style"/>
</resources>
