{
  "formatVersion": 1,
  "database": {
    "version": 1,
    "identityHash": "b8ef5fbaf63a4e692de1be0ba1945058",
    "entities": [
      {
        "tableName": "repos",
        "createSql": "CREATE TABLE IF NOT EXISTS `${TABLE_NAME}` (`id` INTEGER, `name` TEXT, `full_name` TEXT, `description` TEXT, PRIMARY KEY(`id`))",
        "fields": [
          {
            "fieldPath": "id",
            "columnName": "id",
            "affinity": "INTEGER"
          },
          {
            "fieldPath": "name",
            "columnName": "name",
            "affinity": "TEXT"
          },
          {
            "fieldPath": "full_name",
            "columnName": "full_name",
            "affinity": "TEXT"
          },
          {
            "fieldPath": "description",
            "columnName": "description",
            "affinity": "TEXT"
          }
        ],
        "primaryKey": {
          "columnNames": [
            "id"
          ],
          "autoGenerate": false
        },
        "indices": [],
        "foreignKeys": []
      }
    ],
    "setupQueries": [
      "CREATE TABLE IF NOT EXISTS room_master_table (id INTEGER PRIMARY KEY,identity_hash TEXT)",
      "INSERT OR REPLACE INTO room_master_table (id,identity_hash) VALUES(42, \"b8ef5fbaf63a4e692de1be0ba1945058\")"
    ]
  }
}