<?xml version="1.0" encoding="utf-8"?>
<resources>
    <color name="colorPrimary">#3F51B5</color>
    <color name="colorPrimaryDark">#303F9F</color>
    <color name="colorAccent">#ff00796b</color>

    <!-- Background colors used for the different moods -->
    <color name="faded_red">#ffde3c50</color>
    <color name="warm_grey">#ff9b9b9b</color>
    <color name="cornflower_blue_65">#a5468ad9</color>
    <color name="light_sage">#ffb8e986</color>
    <color name="banana_yellow">#fff9ec4f</color>

</resources>
