<?xml version="1.0" encoding="utf-8"?>
<!--
  ~ Copyright (C) 2018 The Android Open Source Project
  ~
  ~ Licensed under the Apache License, Version 2.0 (the "License");
  ~ you may not use this file except in compliance with the License.
  ~ You may obtain a copy of the License at
  ~
  ~      http://www.apache.org/licenses/LICENSE-2.0
  ~
  ~ Unless required by applicable law or agreed to in writing, software
  ~ distributed under the License is distributed on an "AS IS" BASIS,
  ~ WITHOUT WARRANTIES OR CONDITIONS OF ANY KIND, either express or implied.
  ~ See the License for the specific language governing permissions and
  ~ limitations under the License.
-->
<resources>
  <public name="layout_scrollInterpolator" type="attr"/>
  <public name="behavior_overlapTop" type="attr"/>
  <public name="expandedTitleMargin" type="attr"/>
  <public name="expandedTitleMarginStart" type="attr"/>
  <public name="expandedTitleMarginTop" type="attr"/>
  <public name="expandedTitleMarginEnd" type="attr"/>
  <public name="expandedTitleMarginBottom" type="attr"/>
  <public name="expandedTitleTextAppearance" type="attr"/>
  <public name="collapsedTitleTextAppearance" type="attr"/>
  <public name="contentScrim" type="attr"/>
  <public name="statusBarScrim" type="attr"/>
  <public name="toolbarId" type="attr"/>
  <public name="Widget.Design.AppBarLayout" type="style"/>
  <public name="Widget.Design.CollapsingToolbar" type="style"/>
  <public name="TextAppearance.Design.CollapsingToolbar.Expanded" type="style"/>
  <public name="appbar_scrolling_view_behavior" type="string"/>
</resources>

