<?xml version="1.0" encoding="utf-8"?>
<!--
  ~ Copyright (C) 2018 The Android Open Source Project
  ~
  ~ Licensed under the Apache License, Version 2.0 (the "License");
  ~ you may not use this file except in compliance with the License.
  ~ You may obtain a copy of the License at
  ~
  ~      http://www.apache.org/licenses/LICENSE-2.0
  ~
  ~ Unless required by applicable law or agreed to in writing, software
  ~ distributed under the License is distributed on an "AS IS" BASIS,
  ~ WITHOUT WARRANTIES OR CONDITIONS OF ANY KIND, either express or implied.
  ~ See the License for the specific language governing permissions and
  ~ limitations under the License.
-->
<resources>
  <public name="fabSize" type="attr"/>
  <public name="fabCustomSize" type="attr"/>
  <public name="hoveredFocusedTranslationZ" type="attr"/>
  <public name="borderWidth" type="attr"/>
  <public name="useCompatPadding" type="attr"/>
  <public name="maxImageSize" type="attr"/>
  <public name="behavior_autoHide" type="attr"/>
  <public name="floatingActionButtonStyle" type="attr"/>
  <public name="Widget.Design.FloatingActionButton" type="style"/>
  <public name="Widget.MaterialComponents.FloatingActionButton" type="style"/>
</resources>
