<?xml version="1.0" encoding="utf-8"?>
<!--
  ~ Copyright 2018 The Android Open Source Project
  ~
  ~ Licensed under the Apache License, Version 2.0 (the "License");
  ~ you may not use this file except in compliance with the License.
  ~ You may obtain a copy of the License at
  ~
  ~     https://www.apache.org/licenses/LICENSE-2.0
  ~
  ~ Unless required by applicable law or agreed to in writing, software
  ~ distributed under the License is distributed on an "AS IS" BASIS,
  ~ WITHOUT WARRANTIES OR CONDITIONS OF ANY KIND, either express or implied.
  ~ See the License for the specific language governing permissions and
  ~ limitations under the License.
  -->

<!-- Definitions of attributes to be exposed as public -->
<resources>
  <public name="bottomNavigationStyle" type="attr"/>
  <public name="itemTextAppearanceInactive" type="attr"/>
  <public name="itemTextAppearanceActive" type="attr"/>
  <public name="labelVisibilityMode" type="attr"/>
  <public name="Widget.Design.BottomNavigationView" type="style"/>
  <public name="Widget.MaterialComponents.BottomNavigationView" type="style"/>
  <public name="Widget.MaterialComponents.BottomNavigationView.Colored" type="style"/>
  <public name="hide_bottom_view_on_scroll_behavior" type="string"/>
</resources>
