<?xml version="1.0" encoding="utf-8"?>
<!--
  ~ Copyright (C) 2018 The Android Open Source Project
  ~
  ~ Licensed under the Apache License, Version 2.0 (the "License");
  ~ you may not use this file except in compliance with the License.
  ~ You may obtain a copy of the License at
  ~
  ~      http://www.apache.org/licenses/LICENSE-2.0
  ~
  ~ Unless required by applicable law or agreed to in writing, software
  ~ distributed under the License is distributed on an "AS IS" BASIS,
  ~ WITHOUT WARRANTIES OR CONDITIONS OF ANY KIND, either express or implied.
  ~ See the License for the specific language governing permissions and
  ~ limitations under the License.
-->
<resources>
  <public name="bottom_sheet_behavior" type="string"/>
  <public name="Theme.MaterialComponents.BottomSheetDialog" type="style"/>
  <public name="Theme.MaterialComponents.Light.BottomSheetDialog" type="style"/>
  <public name="Theme.Design.BottomSheetDialog" type="style"/>
  <public name="bottomSheetDialogTheme" type="attr"/>
  <public name="bottomSheetStyle" type="attr"/>
  <public name="behavior_peekHeight" type="attr"/>
  <public name="behavior_fitToContents" type="attr"/>
  <public name="Animation.Design.BottomSheetDialog" type="style"/>
  <public name="Widget.Design.BottomSheet.Modal" type="style"/>
</resources>

